{
    "x_data": {
        "shape": [
            4059050,
            86
        ],
        "dtype": "float64",
        "min": 0.0,
        "max": 2.083333333333333,
        "mean": 0.024224806201550386,
        "std": 0.15223721024309667
    },
    "y_data": {
        "shape": [
            4059050
        ],
        "dtype": "int64",
        "min": 1.0,
        "max": 85.0,
        "mean": 20.102922358679987,
        "std": 21.018922033241147
    }
}